{
  "Kentron": [
    40.1579187,
    40.1983508,
    44.4791876,
    44.5479359
  ],
  "Nor-Nork": [
    40.1610263,
    40.2099829,
    44.5411669,
    44.6044439
  ],
  "Arabkir": [
    40.187359,
    40.2417737,
    44.4809994,
    44.5642151
  ],
  "Ajapnyak": [
    40.1853083,
    40.2340315,
    44.3948323,
    44.4910254
  ],
  "Vahagni": [
    40.2092867,
    40.2255775,
    44.4431127,
    44.4616146
  ],
  "Nork-Marash": [
    40.1654653,
    40.1957658,
    44.5254552,
    44.5544993
  ],
  "Erebuni": [
    40.1024186,
    40.1681891,
    44.5051248,
    44.6217689
  ],
  "Davtashen": [
    40.2080644,
    40.2334066,
    44.4525041,
    44.5137276
  ],
  "Avan": [
    40.2050416,
    40.238118,
    44.5471557,
    44.5880709
  ],
  "Malatia-Sebastia": [
    40.144746,
    40.1969126,
    44.362107,
    44.4874608
  ]
}